列名,方案,level,raw_bytes,comp_bytes,ratio,enc_GBps,dec_GBps
pk_seq,RAW,,80000000,80000000,1.0000,4.7829,4.2311
pk_seq,RLEDICT,,80000000,120000000,0.6667,0.8464,2.7200
pk_seq,ZSTD_ON_RAW,1,80000000,10151773,7.8804,0.7474,1.1699
pk_seq,ZSTD_ON_RLEDICT,1,80000000,36687950,2.1806,0.5066,0.6298
pk_seq,ZSTD_ON_RAW,3,80000000,10188439,7.8520,0.7080,1.1791
pk_seq,ZSTD_ON_RLEDICT,3,80000000,37308051,2.1443,0.5657,0.6397
pk_seq,ZSTD_ON_RAW,9,80000000,10152730,7.8797,0.1000,1.1911
pk_seq,ZSTD_ON_RLEDICT,9,80000000,37104263,2.1561,0.0908,0.6334
pk_seq,ZSTD_ON_RAW,19,80000000,7378413,10.8424,0.0033,1.0239
pk_seq,ZSTD_ON_RLEDICT,19,80000000,15532576,5.1505,0.0023,0.4167
rand_i32,RAW,,40000000,40000000,1.0000,4.7034,4.9292
rand_i32,RLEDICT,,40000000,79953128,0.5003,0.0889,0.4897
rand_i32,ZSTD_ON_RAW,1,40000000,40000928,1.0000,3.5386,5.3892
rand_i32,ZSTD_ON_RLEDICT,1,40000000,67962395,0.5886,0.6187,0.2900
rand_i32,ZSTD_ON_RAW,3,40000000,40000928,1.0000,3.2053,4.9771
rand_i32,ZSTD_ON_RLEDICT,3,40000000,65708788,0.6087,0.4303,0.2551
rand_i32,ZSTD_ON_RAW,9,40000000,40000928,1.0000,1.9484,5.6308
rand_i32,ZSTD_ON_RLEDICT,9,40000000,65656839,0.6092,0.2020,0.2673
rand_i32,ZSTD_ON_RAW,19,40000000,40000928,1.0000,0.0059,4.7995
rand_i32,ZSTD_ON_RLEDICT,19,40000000,61763859,0.6476,0.0019,0.1874
dup_i32,RAW,,40000000,40000000,1.0000,4.8110,5.0563
dup_i32,RLEDICT,,40000000,40399032,0.9901,0.0554,1.9702
dup_i32,ZSTD_ON_RAW,1,40000000,21800999,1.8348,0.4576,1.3012
dup_i32,ZSTD_ON_RLEDICT,1,40000000,16126523,2.4804,0.4134,0.6828
dup_i32,ZSTD_ON_RAW,3,40000000,12554576,3.1861,0.3223,1.2934
dup_i32,ZSTD_ON_RLEDICT,3,40000000,12570940,3.1819,0.3665,0.6737
dup_i32,ZSTD_ON_RAW,9,40000000,11538123,3.4668,0.0926,1.4465
dup_i32,ZSTD_ON_RLEDICT,9,40000000,12567169,3.1829,0.0915,0.6925
dup_i32,ZSTD_ON_RAW,19,40000000,10478001,3.8175,0.0024,1.1262
dup_i32,ZSTD_ON_RLEDICT,19,40000000,11063282,3.6156,0.0021,0.6520
f64_price,RAW,,80000000,80000000,1.0000,4.3717,4.4080
f64_price,RLEDICT,,80000000,91397616,0.8753,0.1445,0.7805
f64_price,ZSTD_ON_RAW,1,80000000,63915989,1.2516,0.6234,1.3349
f64_price,ZSTD_ON_RLEDICT,1,80000000,45492038,1.7585,0.6321,0.4339
f64_price,ZSTD_ON_RAW,3,80000000,43026949,1.8593,0.3212,1.3592
f64_price,ZSTD_ON_RLEDICT,3,80000000,46277541,1.7287,0.5248,0.4306
f64_price,ZSTD_ON_RAW,9,80000000,41369060,1.9338,0.0606,1.1464
f64_price,ZSTD_ON_RLEDICT,9,80000000,45604557,1.7542,0.0870,0.4212
f64_price,ZSTD_ON_RAW,19,80000000,40658334,1.9676,0.0023,0.9772
f64_price,ZSTD_ON_RLEDICT,19,80000000,44919213,1.7810,0.0014,0.3626
low_card_str,RAW,,105995969,105995969,1.0000,3.3025,4.4009
low_card_str,RLEDICT,,105995969,40000057,2.6499,0.0833,0.2076
low_card_str,ZSTD_ON_RAW,1,105995969,37766161,2.8066,0.6149,1.1605
low_card_str,ZSTD_ON_RLEDICT,1,105995969,6056151,17.5022,1.2148,0.1972
low_card_str,ZSTD_ON_RAW,3,105995969,35843753,2.9572,0.6784,1.2748
low_card_str,ZSTD_ON_RLEDICT,3,105995969,5997930,17.6721,0.9611,0.1731
low_card_str,ZSTD_ON_RAW,9,105995969,33823393,3.1338,0.1288,1.7967
low_card_str,ZSTD_ON_RLEDICT,9,105995969,4923462,21.5287,0.2191,0.2567
low_card_str,ZSTD_ON_RAW,19,105995969,15169409,6.9875,0.0026,0.9264
low_card_str,ZSTD_ON_RLEDICT,19,105995969,3485707,30.4087,0.0057,0.2662
mid_card_str,RAW,,319369609,319369609,1.0000,3.8844,4.4993
mid_card_str,RLEDICT,,319369609,40319373,7.9210,0.0948,0.3252
mid_card_str,ZSTD_ON_RAW,1,319369609,122910293,2.5984,0.7594,1.6527
mid_card_str,ZSTD_ON_RLEDICT,1,319369609,23217513,13.7555,8.9109,0.3189
mid_card_str,ZSTD_ON_RAW,3,319369609,55856539,5.7177,0.9467,2.3342
mid_card_str,ZSTD_ON_RLEDICT,3,319369609,21343642,14.9632,2.1467,0.3161
mid_card_str,ZSTD_ON_RAW,9,319369609,57090038,5.5941,0.1552,2.0562
mid_card_str,ZSTD_ON_RLEDICT,9,319369609,20502852,15.5768,0.4394,0.3151
mid_card_str,ZSTD_ON_RAW,19,319369609,37564012,8.5020,0.0025,1.8158
mid_card_str,ZSTD_ON_RLEDICT,19,319369609,21112018,15.1274,0.0132,0.2838
high_card_str,RAW,,200000004,200000004,1.0000,3.6668,4.6723
high_card_str,RLEDICT,,200000004,240000004,0.8333,0.0766,0.2087
high_card_str,ZSTD_ON_RAW,1,200000004,106878774,1.8713,1.4065,2.1838
high_card_str,ZSTD_ON_RLEDICT,1,200000004,134632749,1.4855,0.8113,0.1888
high_card_str,ZSTD_ON_RAW,3,200000004,111217532,1.7983,0.3378,1.4318
high_card_str,ZSTD_ON_RLEDICT,3,200000004,141985046,1.4086,0.3027,0.1864
high_card_str,ZSTD_ON_RAW,9,200000004,111650688,1.7913,0.0731,0.9605
high_card_str,ZSTD_ON_RLEDICT,9,200000004,137729247,1.4521,0.0602,0.1754
high_card_str,ZSTD_ON_RAW,19,200000004,94168576,2.1239,0.0012,0.8182
high_card_str,ZSTD_ON_RLEDICT,19,200000004,99739075,2.0052,0.0013,0.1682
ts_ms,RAW,,80000000,80000000,1.0000,4.4016,4.6497
ts_ms,RLEDICT,,80000000,119919416,0.6671,0.8455,2.5740
ts_ms,ZSTD_ON_RAW,1,80000000,20347635,3.9317,0.7087,1.1212
ts_ms,ZSTD_ON_RLEDICT,1,80000000,47051295,1.7003,0.5477,0.5730
ts_ms,ZSTD_ON_RAW,3,80000000,20347373,3.9317,0.4820,1.1310
ts_ms,ZSTD_ON_RLEDICT,3,80000000,47166660,1.6961,0.4034,0.5763
ts_ms,ZSTD_ON_RAW,9,80000000,20351284,3.9310,0.0995,1.1292
ts_ms,ZSTD_ON_RLEDICT,9,80000000,46729790,1.7120,0.0912,0.5665
ts_ms,ZSTD_ON_RAW,19,80000000,21195577,3.7744,0.0034,0.9629
ts_ms,ZSTD_ON_RLEDICT,19,80000000,27756934,2.8822,0.0024,0.3918
